model_order,R2,(Adjusted),Delta R2
order1,0.9302628933656917,0.9276098512654735,0.9302628933656917
order2,0.9606572311434938,0.9555356872686823,0.030394337777802094
order3,0.984297524623765,0.9798713235110007,0.02364029348027119
order4,0.9936997256379164,0.9910197581853883,0.009402201014151457
order5,0.9955923019712777,0.9934228880977659,0.0018925763333612622
order6,0.9965274816965798,0.9947775512129664,0.0009351797253021044
